scenario,K_USD,K_EUR,S_USD_used,S_EUR_used,S_USD_original,S_EUR_original,alt_spec_used,gamma,cross_term,K_GIRR_squared,K_GIRR
BASE,1177389.454143688,1288272.568206499,757868.0554512359,-1290470.0649306127,757868.0554512359,-1290470.0649306127,False,0.5,-978006038726.9935,2067886097995.1467,1438014.6376150511
HIGH,754442.64788908,1290304.811196913,757868.0554512359,-1290470.0649306127,757868.0554512359,-1290470.0649306127,False,0.625,-1222507548408.742,1011562666343.0457,1005764.717189386
LOW,1484354.4537958768,1286237.1142945758,757868.0554512359,-1290470.0649306127,757868.0554512359,-1290470.0649306127,False,0.375,-733504529045.2451,3124209529647.2476,1767543.3600472854
