scenario,gamma,K_equity,vs_base_pct
BASE,0.15,802184.5174272562,0.0
HIGH,0.1875,814708.5368400161,1.5612392337023273
LOW,0.11249999999999999,789461.842016446,-1.5860036106922104
